# system info audio_clk on 2019.11.18.11:08:02
system_info:
name,value
DEVICE,5CSEMA5F31C6
DEVICE_FAMILY,Cyclone V
GENERATION_ID,1574096865
#
#
# Files generated for audio_clk on 2019.11.18.11:08:02
files:
filepath,kind,attributes,module,is_top
simulation/audio_clk.v,VERILOG,,audio_clk,true
simulation/submodules/audio_clk_audio_pll_0.v,VERILOG,,audio_clk_audio_pll_0,false
simulation/submodules/audio_clk_audio_pll_0_audio_pll.vo,VERILOG,,audio_clk_audio_pll_0_audio_pll,false
simulation/submodules/altera_up_avalon_reset_from_locked_signal.v,VERILOG,,altera_up_avalon_reset_from_locked_signal,false
#
# Map from instance-path to kind of module
instances:
instancePath,module
audio_clk.audio_pll_0,audio_clk_audio_pll_0
audio_clk.audio_pll_0.audio_pll,audio_clk_audio_pll_0_audio_pll
audio_clk.audio_pll_0.reset_from_locked,altera_up_avalon_reset_from_locked_signal
