<?xml version="1.0" encoding="UTF-8"?>
<deploy
 date="2019.11.12.16:49:24"
 outputDirectory="C:/Users/ECE_STUDENT/Documents/audio/audio_output/">
 <perimeter>
  <parameter
     name="AUTO_GENERATION_ID"
     type="Integer"
     defaultValue="0"
     onHdl="0"
     affectsHdl="1" />
  <parameter
     name="AUTO_UNIQUE_ID"
     type="String"
     defaultValue=""
     onHdl="0"
     affectsHdl="1" />
  <parameter
     name="AUTO_DEVICE_FAMILY"
     type="String"
     defaultValue="Cyclone V"
     onHdl="0"
     affectsHdl="1" />
  <parameter
     name="AUTO_DEVICE"
     type="String"
     defaultValue="5CSEMA5F31C6"
     onHdl="0"
     affectsHdl="1" />
  <parameter
     name="AUTO_DEVICE_SPEEDGRADE"
     type="String"
     defaultValue="6"
     onHdl="0"
     affectsHdl="1" />
  <parameter
     name="AUTO_CLK_CLOCK_RATE"
     type="Long"
     defaultValue="-1"
     onHdl="0"
     affectsHdl="1" />
  <parameter
     name="AUTO_CLK_CLOCK_DOMAIN"
     type="Integer"
     defaultValue="-1"
     onHdl="0"
     affectsHdl="1" />
  <parameter
     name="AUTO_CLK_RESET_DOMAIN"
     type="Integer"
     defaultValue="-1"
     onHdl="0"
     affectsHdl="1" />
  <interface name="avalon_audio_slave" kind="avalon" start="0">
   <property name="addressAlignment" value="DYNAMIC" />
   <property name="addressGroup" value="0" />
   <property name="addressSpan" value="16" />
   <property name="addressUnits" value="WORDS" />
   <property name="alwaysBurstMaxBurst" value="false" />
   <property name="associatedClock" value="clk" />
   <property name="associatedReset" value="reset" />
   <property name="bitsPerSymbol" value="8" />
   <property name="bridgedAddressOffset" value="0" />
   <property name="bridgesToMaster" value="" />
   <property name="burstOnBurstBoundariesOnly" value="false" />
   <property name="burstcountUnits" value="WORDS" />
   <property name="constantBurstBehavior" value="false" />
   <property name="explicitAddressSpan" value="0" />
   <property name="holdTime" value="0" />
   <property name="interleaveBursts" value="false" />
   <property name="isBigEndian" value="false" />
   <property name="isFlash" value="false" />
   <property name="isMemoryDevice" value="false" />
   <property name="isNonVolatileStorage" value="false" />
   <property name="linewrapBursts" value="false" />
   <property name="maximumPendingReadTransactions" value="0" />
   <property name="maximumPendingWriteTransactions" value="0" />
   <property name="minimumUninterruptedRunLength" value="1" />
   <property name="printableDevice" value="false" />
   <property name="readLatency" value="1" />
   <property name="readWaitStates" value="0" />
   <property name="readWaitTime" value="0" />
   <property name="registerIncomingSignals" value="false" />
   <property name="registerOutgoingSignals" value="false" />
   <property name="setupTime" value="0" />
   <property name="timingUnits" value="Cycles" />
   <property name="transparentBridge" value="false" />
   <property name="wellBehavedWaitrequest" value="false" />
   <property name="writeLatency" value="0" />
   <property name="writeWaitStates" value="0" />
   <property name="writeWaitTime" value="0" />
   <port name="address" direction="input" role="address" width="2" />
   <port name="chipselect" direction="input" role="chipselect" width="1" />
   <port name="read" direction="input" role="read" width="1" />
   <port name="write" direction="input" role="write" width="1" />
   <port name="writedata" direction="input" role="writedata" width="32" />
   <port name="readdata" direction="output" role="readdata" width="32" />
  </interface>
  <interface name="clk" kind="clock" start="0">
   <property name="clockRate" value="0" />
   <property name="externallyDriven" value="false" />
   <property name="ptfSchematicName" value="" />
   <port name="clk" direction="input" role="clk" width="1" />
  </interface>
  <interface name="external_interface" kind="conduit" start="0">
   <property name="associatedClock" value="" />
   <property name="associatedReset" value="" />
   <port name="AUD_BCLK" direction="input" role="BCLK" width="1" />
   <port name="AUD_DACDAT" direction="output" role="DACDAT" width="1" />
   <port name="AUD_DACLRCK" direction="input" role="DACLRCK" width="1" />
  </interface>
  <interface name="interrupt" kind="interrupt" start="0">
   <property
       name="associatedAddressablePoint"
       value="audio_output.avalon_audio_slave" />
   <property name="associatedClock" value="clk" />
   <property name="associatedReset" value="reset" />
   <property name="bridgedReceiverOffset" value="0" />
   <property name="bridgesToReceiver" value="" />
   <property name="irqScheme" value="NONE" />
   <port name="irq" direction="output" role="irq" width="1" />
  </interface>
  <interface name="reset" kind="reset" start="0">
   <property name="associatedClock" value="clk" />
   <property name="synchronousEdges" value="DEASSERT" />
   <port name="reset" direction="input" role="reset" width="1" />
  </interface>
 </perimeter>
 <entity
   path=""
   parameterizationKey="audio_output:1.0:AUTO_CLK_CLOCK_DOMAIN=-1,AUTO_CLK_CLOCK_RATE=-1,AUTO_CLK_RESET_DOMAIN=-1,AUTO_DEVICE=5CSEMA5F31C6,AUTO_DEVICE_FAMILY=Cyclone V,AUTO_DEVICE_SPEEDGRADE=6,AUTO_GENERATION_ID=1573598963,AUTO_UNIQUE_ID=(altera_up_avalon_audio:18.0:AUTO_CLK_CLOCK_RATE=0,AUTO_DEVICE_FAMILY=Cyclone V,audio_in=false,audio_out=true,avalon_bus_type=Memory Mapped,dw=16)"
   instancePathKey="audio_output"
   kind="audio_output"
   version="1.0"
   name="audio_output">
  <parameter name="AUTO_CLK_CLOCK_RATE" value="-1" />
  <parameter name="AUTO_GENERATION_ID" value="1573598963" />
  <parameter name="AUTO_DEVICE" value="5CSEMA5F31C6" />
  <parameter name="AUTO_DEVICE_FAMILY" value="Cyclone V" />
  <parameter name="AUTO_CLK_RESET_DOMAIN" value="-1" />
  <parameter name="AUTO_CLK_CLOCK_DOMAIN" value="-1" />
  <parameter name="AUTO_UNIQUE_ID" value="" />
  <parameter name="AUTO_DEVICE_SPEEDGRADE" value="6" />
  <generatedFiles>
   <file
       path="C:/Users/ECE_STUDENT/Documents/audio/audio_output/synthesis/audio_output.v"
       type="VERILOG" />
  </generatedFiles>
  <childGeneratedFiles>
   <file
       path="C:/Users/ECE_STUDENT/Documents/audio/audio_output/synthesis/submodules/altera_up_audio_bit_counter.v"
       type="VERILOG" />
   <file
       path="C:/Users/ECE_STUDENT/Documents/audio/audio_output/synthesis/submodules/altera_up_audio_in_deserializer.v"
       type="VERILOG" />
   <file
       path="C:/Users/ECE_STUDENT/Documents/audio/audio_output/synthesis/submodules/altera_up_audio_out_serializer.v"
       type="VERILOG" />
   <file
       path="C:/Users/ECE_STUDENT/Documents/audio/audio_output/synthesis/submodules/altera_up_clock_edge.v"
       type="VERILOG" />
   <file
       path="C:/Users/ECE_STUDENT/Documents/audio/audio_output/synthesis/submodules/altera_up_sync_fifo.v"
       type="VERILOG" />
   <file
       path="C:/Users/ECE_STUDENT/Documents/audio/audio_output/synthesis/submodules/audio_output_audio_0.v"
       type="VERILOG" />
  </childGeneratedFiles>
  <sourceFiles>
   <file path="C:/Users/ECE_STUDENT/Documents/audio/audio_output.qsys" />
  </sourceFiles>
  <childSourceFiles>
   <file
       path="C:/intelfpga_lite/18.1/ip/altera/university_program/audio_video/altera_up_avalon_audio/altera_up_avalon_audio_hw.tcl" />
   <file
       path="C:/intelfpga_lite/18.1/ip/altera/university_program/audio_video/altera_up_avalon_audio/hdl/altera_up_audio_bit_counter.v" />
   <file
       path="C:/intelfpga_lite/18.1/ip/altera/university_program/audio_video/altera_up_avalon_audio/hdl/altera_up_audio_in_deserializer.v" />
   <file
       path="C:/intelfpga_lite/18.1/ip/altera/university_program/audio_video/altera_up_avalon_audio/hdl/altera_up_audio_out_serializer.v" />
   <file
       path="C:/intelfpga_lite/18.1/ip/altera/university_program/audio_video/altera_up_avalon_audio/hdl/altera_up_clock_edge.v" />
   <file
       path="C:/intelfpga_lite/18.1/ip/altera/university_program/audio_video/altera_up_avalon_audio/hdl/altera_up_sync_fifo.v" />
  </childSourceFiles>
  <messages>
   <message level="Debug" culprit="audio_output">queue size: 0 starting:audio_output "audio_output"</message>
   <message level="Progress" culprit="min"></message>
   <message level="Progress" culprit="max"></message>
   <message level="Progress" culprit="current"></message>
   <message level="Debug">Transform: CustomInstructionTransform</message>
   <message level="Debug">No custom instruction connections, skipping transform </message>
   <message level="Debug" culprit="merlin_custom_instruction_transform"><![CDATA[After transform: <b>1</b> modules, <b>0</b> connections]]></message>
   <message level="Debug">Transform: MMTransform</message>
   <message level="Debug">Transform: InterruptMapperTransform</message>
   <message level="Debug">Transform: InterruptSyncTransform</message>
   <message level="Debug">Transform: InterruptFanoutTransform</message>
   <message level="Debug">Transform: AvalonStreamingTransform</message>
   <message level="Debug">Transform: ResetAdaptation</message>
   <message level="Debug" culprit="audio_output"><![CDATA["<b>audio_output</b>" reuses <b>altera_up_avalon_audio</b> "<b>submodules/audio_output_audio_0</b>"]]></message>
   <message level="Debug" culprit="audio_output">queue size: 0 starting:altera_up_avalon_audio "submodules/audio_output_audio_0"</message>
   <message level="Info" culprit="audio_0">Starting Generation of Audio Controller</message>
   <message level="Info" culprit="audio_0"><![CDATA["<b>audio_output</b>" instantiated <b>altera_up_avalon_audio</b> "<b>audio_0</b>"]]></message>
  </messages>
 </entity>
 <entity
   path="submodules/"
   parameterizationKey="altera_up_avalon_audio:18.0:AUTO_CLK_CLOCK_RATE=0,AUTO_DEVICE_FAMILY=Cyclone V,audio_in=false,audio_out=true,avalon_bus_type=Memory Mapped,dw=16"
   instancePathKey="audio_output:.:audio_0"
   kind="altera_up_avalon_audio"
   version="18.0"
   name="audio_output_audio_0">
  <parameter name="AUTO_CLK_CLOCK_RATE" value="0" />
  <parameter name="dw" value="16" />
  <parameter name="avalon_bus_type" value="Memory Mapped" />
  <parameter name="audio_in" value="false" />
  <parameter name="AUTO_DEVICE_FAMILY" value="Cyclone V" />
  <parameter name="audio_out" value="true" />
  <generatedFiles>
   <file
       path="C:/Users/ECE_STUDENT/Documents/audio/audio_output/synthesis/submodules/altera_up_audio_bit_counter.v"
       type="VERILOG" />
   <file
       path="C:/Users/ECE_STUDENT/Documents/audio/audio_output/synthesis/submodules/altera_up_audio_in_deserializer.v"
       type="VERILOG" />
   <file
       path="C:/Users/ECE_STUDENT/Documents/audio/audio_output/synthesis/submodules/altera_up_audio_out_serializer.v"
       type="VERILOG" />
   <file
       path="C:/Users/ECE_STUDENT/Documents/audio/audio_output/synthesis/submodules/altera_up_clock_edge.v"
       type="VERILOG" />
   <file
       path="C:/Users/ECE_STUDENT/Documents/audio/audio_output/synthesis/submodules/altera_up_sync_fifo.v"
       type="VERILOG" />
   <file
       path="C:/Users/ECE_STUDENT/Documents/audio/audio_output/synthesis/submodules/audio_output_audio_0.v"
       type="VERILOG" />
  </generatedFiles>
  <childGeneratedFiles/>
  <sourceFiles>
   <file
       path="C:/intelfpga_lite/18.1/ip/altera/university_program/audio_video/altera_up_avalon_audio/altera_up_avalon_audio_hw.tcl" />
   <file
       path="C:/intelfpga_lite/18.1/ip/altera/university_program/audio_video/altera_up_avalon_audio/hdl/altera_up_audio_bit_counter.v" />
   <file
       path="C:/intelfpga_lite/18.1/ip/altera/university_program/audio_video/altera_up_avalon_audio/hdl/altera_up_audio_in_deserializer.v" />
   <file
       path="C:/intelfpga_lite/18.1/ip/altera/university_program/audio_video/altera_up_avalon_audio/hdl/altera_up_audio_out_serializer.v" />
   <file
       path="C:/intelfpga_lite/18.1/ip/altera/university_program/audio_video/altera_up_avalon_audio/hdl/altera_up_clock_edge.v" />
   <file
       path="C:/intelfpga_lite/18.1/ip/altera/university_program/audio_video/altera_up_avalon_audio/hdl/altera_up_sync_fifo.v" />
  </sourceFiles>
  <childSourceFiles/>
  <instantiator instantiator="audio_output" as="audio_0" />
  <messages>
   <message level="Debug" culprit="audio_output">queue size: 0 starting:altera_up_avalon_audio "submodules/audio_output_audio_0"</message>
   <message level="Info" culprit="audio_0">Starting Generation of Audio Controller</message>
   <message level="Info" culprit="audio_0"><![CDATA["<b>audio_output</b>" instantiated <b>altera_up_avalon_audio</b> "<b>audio_0</b>"]]></message>
  </messages>
 </entity>
</deploy>
